"Status","Start Time","Stop Time","Duration in ms","Parent Suite","Suite","Sub Suite","Test Class","Test Method","Name","Description"
"passed","Wed Sep 16 10:33:36 UTC 2026","Wed Sep 16 10:33:36 UTC 2026","12","tests.api","test_endpoints","TestAPIEndpoints","","","POST /register — duplicate username returns error",""
"skipped","Wed Sep 16 10:34:04 UTC 2026","Wed Sep 16 10:34:05 UTC 2026","644","tests.ui","test_transfer","TestTransfer","","","Fund transfer — boundary amounts via TestAxiom BVA","
TestAxiom BVA generates four boundary points for the range (0.01, 100.00):
  just_below_min=0.0 (invalid), at_min=0.01 (valid),
  at_max=100.0 (valid),         just_above_max=100.01 (invalid).
Valid boundaries execute a real transfer; invalid ones check for rejection.
"
"skipped","Wed Sep 16 10:33:57 UTC 2026","Wed Sep 16 10:33:58 UTC 2026","647","tests.ui","test_transfer","TestTransfer","","","Fund transfer — negative amount is rejected",""
"passed","Wed Sep 16 10:33:36 UTC 2026","Wed Sep 16 10:33:36 UTC 2026","16","tests.api","test_endpoints","TestAPIEndpoints","","","GET /accounts/{id}/transactions — list is returned",""
"passed","Wed Sep 16 10:33:36 UTC 2026","Wed Sep 16 10:33:36 UTC 2026","38","tests.api","test_endpoints","TestAPIEndpoints","","","GET /accounts/{id} — invalid ID returns error",""
"passed","Wed Sep 16 10:33:46 UTC 2026","Wed Sep 16 10:33:47 UTC 2026","632","tests.ui","test_loan","TestLoan","","","Loan request — denied scenario","
Very large loan ($100 000) with a token down payment ($1) → should be
denied because the down payment ratio is far below ParaBank's threshold.
"
"passed","Wed Sep 16 10:33:47 UTC 2026","Wed Sep 16 10:33:48 UTC 2026","1208","tests.ui","test_login","TestLogin","","","Valid login with default credentials",""
"passed","Wed Sep 16 10:33:53 UTC 2026","Wed Sep 16 10:33:54 UTC 2026","648","tests.ui","test_transfer","TestTransfer","","","Fund transfer — valid amount succeeds",""
"skipped","Wed Sep 16 10:33:55 UTC 2026","Wed Sep 16 10:33:56 UTC 2026","647","tests.ui","test_transfer","TestTransfer","","","Fund transfer — boundary amounts via TestAxiom BVA","
TestAxiom BVA generates four boundary points for the range (0.01, 100.00):
  just_below_min=0.0 (invalid), at_min=0.01 (valid),
  at_max=100.0 (valid),         just_above_max=100.01 (invalid).
Valid boundaries execute a real transfer; invalid ones check for rejection.
"
"passed","Wed Sep 16 10:34:00 UTC 2026","Wed Sep 16 10:34:01 UTC 2026","647","tests.ui","test_transfer","TestTransfer","","","Fund transfer — boundary amounts via TestAxiom BVA","
TestAxiom BVA generates four boundary points for the range (0.01, 100.00):
  just_below_min=0.0 (invalid), at_min=0.01 (valid),
  at_max=100.0 (valid),         just_above_max=100.01 (invalid).
Valid boundaries execute a real transfer; invalid ones check for rejection.
"
"passed","Wed Sep 16 10:34:02 UTC 2026","Wed Sep 16 10:34:03 UTC 2026","664","tests.ui","test_transfer","TestTransfer","","","Fund transfer — boundary amounts via TestAxiom BVA","
TestAxiom BVA generates four boundary points for the range (0.01, 100.00):
  just_below_min=0.0 (invalid), at_min=0.01 (valid),
  at_max=100.0 (valid),         just_above_max=100.01 (invalid).
Valid boundaries execute a real transfer; invalid ones check for rejection.
"
"passed","Wed Sep 16 10:33:44 UTC 2026","Wed Sep 16 10:33:45 UTC 2026","700","tests.ui","test_loan","TestLoan","","","Loan request — approved scenario","
Small loan ($100) with a 50 % down payment ($50).  A small amount
reduces balance dependency — ParaBank should approve regardless of
how much other tests have spent.
"
"passed","Wed Sep 16 10:33:36 UTC 2026","Wed Sep 16 10:33:36 UTC 2026","539","tests.api","test_endpoints","TestAPIEndpoints","","","POST /requestLoan — decision table via TestAxiom","
TestAxiom decision table logic:
  - Reasonable down payment ratio (≥10 %) → Approved
  - Negligible down payment              → Denied
"
"passed","Wed Sep 16 10:33:36 UTC 2026","Wed Sep 16 10:33:36 UTC 2026","34","tests.api","test_endpoints","TestAPIEndpoints","","","POST /transfer — insufficient funds returns error",""
"passed","Wed Sep 16 10:33:36 UTC 2026","Wed Sep 16 10:33:36 UTC 2026","11","tests.api","test_endpoints","TestAPIEndpoints","","","GET /customers/{id} — customer data returned",""
"passed","Wed Sep 16 10:33:51 UTC 2026","Wed Sep 16 10:33:52 UTC 2026","1374","tests.ui","test_registration","TestRegistration","","","New user registration — valid data (DDT via FixtureForge)","
FixtureForge (use_ai=False, seed=42) generates realistic registration
fixtures deterministically.  A timestamp suffix is appended to the
username to avoid conflicts on the shared public ParaBank instance.
"
"skipped","Wed Sep 16 10:33:41 UTC 2026","Wed Sep 16 10:33:41 UTC 2026","729","tests.e2e","test_transfer_consistency","TestTransferConsistency","","","Transfer via UI → verify API balance → confirm DB record","
Cross-layer integrity check:
  1. UI  — execute a $1 transfer
  2. API — verify 'from' account balance decreased by $1
  3. DB  — confirm a transaction record exists (skipped if DB unavailable)
"
"passed","Wed Sep 16 10:33:36 UTC 2026","Wed Sep 16 10:33:36 UTC 2026","27","tests.api","test_endpoints","TestAPIEndpoints","","","POST /requestLoan — decision table via TestAxiom","
TestAxiom decision table logic:
  - Reasonable down payment ratio (≥10 %) → Approved
  - Negligible down payment              → Denied
"
"passed","Wed Sep 16 10:33:36 UTC 2026","Wed Sep 16 10:33:36 UTC 2026","81","tests.api","test_endpoints","TestAPIEndpoints","","","POST /transfer — valid transfer updates balances",""
"passed","Wed Sep 16 10:33:50 UTC 2026","Wed Sep 16 10:33:51 UTC 2026","1167","tests.ui","test_login","TestLogin","","","Login with empty username — BVA via TestAxiom","
TestAxiom generates EP partitions for a string parameter.
The 'empty_string' partition must be classified as INVALID.
We then execute that specific boundary value against the live UI.
"
"passed","Wed Sep 16 10:33:48 UTC 2026","Wed Sep 16 10:33:50 UTC 2026","1248","tests.ui","test_login","TestLogin","","","Login with invalid password",""
"passed","Wed Sep 16 10:33:43 UTC 2026","Wed Sep 16 10:33:43 UTC 2026","589","tests.ui","test_accounts","TestAccounts","","","Account overview displays correct balance — UI matches API",""
"passed","Wed Sep 16 10:33:58 UTC 2026","Wed Sep 16 10:33:59 UTC 2026","1207","tests.ui","test_registration","TestRegistration","","","New user registration — valid data (DDT via FixtureForge)","
FixtureForge (use_ai=False, seed=42) generates realistic registration
fixtures deterministically.  A timestamp suffix is appended to the
username to avoid conflicts on the shared public ParaBank instance.
"
"skipped","Wed Sep 16 10:33:39 UTC 2026","Wed Sep 16 10:33:39 UTC 2026","787","tests.e2e","test_loan_logic","TestLoanLogic","","","Loan request via UI → verify API status → DB confirmation","
Cross-layer loan integrity check:
  1. UI  — submit a $1 000 loan request ($100 down)
  2. API — verify the loan is recorded as approved
  3. DB  — confirm a transaction record exists (skipped if DB unavailable)
"
"passed","Wed Sep 16 10:33:36 UTC 2026","Wed Sep 16 10:33:36 UTC 2026","17","tests.api","test_endpoints","TestAPIEndpoints","","","GET /accounts/{id} — valid account returns correct data",""
